Name,Phone,Crop_Type,Crop_Area,Season,Location,Estimated_Income,Farm_Scale,Region
Ahmad Rehman,0315-3218196,wheat,10,Rabi,Rahim Yar Khan,950000,Medium,Punjab
Rashid Junejo,0314-7940265,wheat,18,Both,Swabi,2736000,Medium,KPK
Hamza Gondal,0345-4078161,cotton,90,Both,Hyderabad,21600000,Large,Sindh
Ali Mughal,0318-1316475,wheat,27,Rabi,Okara,2565000,Medium,Punjab
Imran Dogar,0341-3276483,cotton,17,Kharif,Lahore,2550000,Medium,Punjab
Imran Gill,0343-5376724,wheat,40,Rabi,Gujranwala,3800000,Medium,Punjab
Waseem Mughal,0308-8710122,sugarcane,32,Kharif,Vehari,5760000,Medium,Punjab
Uzma Bajwa,0342-0184514,rice,17,Kharif,Okara,2040000,Medium,Punjab
Shahid Shah,0347-4893252,rice,27,Kharif,Peshawar,3240000,Medium,KPK
Bilal Lashari,0320-3039117,sugarcane,39,Kharif,Larkana,7020000,Medium,Sindh
Maryam Bajwa,0340-9638346,tobacco,6,Rabi,Rahim Yar Khan,1200000,Small,Punjab
Imran Warraich,0301-9839301,sugarcane,8,Kharif,Lahore,1440000,Small,Punjab
Majid Rehman,0349-7382997,wheat,35,Both,Larkana,5320000,Medium,Sindh
Hamza Talpur,0331-7010651,wheat,17,Rabi,Multan,1615000,Medium,Punjab
Majid Choudhary,0333-8108013,wheat,36,Rabi,Vehari,3420000,Medium,Punjab
Muhammad Tarar,0316-7468723,wheat,8,Both,Rahim Yar Khan,1216000,Small,Punjab
Tariq Yousafzai,0337-8208121,cotton,96,Both,Charsadda,23040000,Large,KPK
Hina Malik,0346-1699854,wheat,50,Rabi,Okara,4750000,Medium,Punjab
Haroon Abbasi,0321-1079911,rice,19,Kharif,Pakpattan,2280000,Medium,Punjab
Kiran Lodhi,0310-7849808,wheat,47,Both,Multan,7144000,Medium,Punjab
Humaira Gujjar,0317-4935348,rice,30,Kharif,Vehari,3600000,Medium,Punjab
Junaid Butt,0347-4278680,wheat,49,Rabi,Peshawar,4655000,Medium,KPK
Zafar Talpur,0308-0450533,cotton,55,Kharif,Nawabshah,8250000,Large,Sindh
Majid Dogar,0311-6025634,wheat,49,Rabi,Lahore,4655000,Medium,Punjab
Noman Gondal,0320-3303654,maize,10,Kharif,Rahim Yar Khan,1000000,Medium,Punjab
Farah Warraich,0301-1429401,cotton,54,Both,Hyderabad,12960000,Large,Sindh
Amina Tarar,0343-3406088,cotton,95,Both,Vehari,22800000,Large,Punjab
Junaid Cheema,0349-1484656,cotton,80,Kharif,Vehari,12000000,Large,Punjab
Rizwan Wattoo,0330-8044369,cotton,51,Kharif,Bahawalpur,7650000,Large,Punjab
Asif Jatoi,0318-8951343,sugarcane,14,Kharif,Sahiwal,2520000,Medium,Punjab
Imran Abbasi,0331-9367632,cotton,10,Kharif,Peshawar,1500000,Medium,KPK
Jamil Abbasi,0303-8317278,tobacco,10,Rabi,Bahawalpur,2000000,Medium,Punjab
Shahid Talpur,0342-7277434,sugarcane,38,Both,Sahiwal,10944000,Medium,Punjab
Babar Qureshi,0317-5581223,rice,7,Kharif,Sukkur,840000,Small,Sindh
Noman Junejo,0303-3669096,rice,14,Kharif,Vehari,1680000,Medium,Punjab
Saima Mughal,0336-3467065,cotton,61,Kharif,Nawabshah,9150000,Large,Sindh
Farah Ahmed,0330-9901627,wheat,21,Rabi,Sahiwal,1995000,Medium,Punjab
Irfan Rehman,0331-4170805,wheat,9,Both,Khairpur,1368000,Small,Sindh
Majid Khokhar,0301-9232719,canola,17,Both,Hyderabad,2312000,Medium,Sindh
Bilal Dogar,0320-1904966,canola,9,Both,Sahiwal,1224000,Small,Punjab
Saeed Nawaz,0343-0586518,cotton,11,Both,Nawabshah,2640000,Medium,Sindh
Ayesha Abbasi,0309-6284987,rice,29,Both,Hyderabad,5568000,Medium,Sindh
Sajid Rehman,0333-3799650,rice,13,Kharif,Sahiwal,1560000,Medium,Punjab
Shehzad Rehman,0342-0831367,cotton,40,Kharif,Khairpur,6000000,Medium,Sindh
Ahmad Jatoi,0318-3634957,cotton,54,Both,Rahim Yar Khan,12960000,Large,Punjab
Shehzad Wattoo,0316-3135182,wheat,35,Rabi,Gujranwala,3325000,Medium,Punjab
Babar Shah,0312-4352408,wheat,7,Rabi,Swabi,665000,Small,KPK
Kashif Shah,0300-9477752,canola,11,Both,Charsadda,1496000,Medium,KPK
Kashif Choudhary,0343-0229413,wheat,31,Both,Mirpur Khas,4712000,Medium,Sindh
Amjad Laghari,0320-9649909,canola,6,Rabi,Mardan,510000,Small,KPK
Sajid Dogar,0315-2812067,cotton,70,Both,Sahiwal,16800000,Large,Punjab
Noman Choudhary,0314-4936183,cotton,44,Both,Sukkur,10560000,Medium,Sindh
Saeed Lodhi,0333-1746488,rice,5,Kharif,Vehari,600000,Small,Punjab
Ahmad Jatoi,0314-9904902,rice,23,Both,Okara,4416000,Medium,Punjab
Kashif Jatoi,0335-5655125,rice,18,Kharif,Vehari,2160000,Medium,Punjab
Noman Jatoi,0321-4516808,rice,4,Kharif,Pakpattan,480000,Small,Punjab
Amjad Bhatti,0313-4824771,wheat,45,Rabi,Larkana,4275000,Medium,Sindh
Muhammad Junejo,0305-3171274,rice,11,Kharif,Bahawalpur,1320000,Medium,Punjab
Nadeem Gujjar,0325-3982146,wheat,37,Both,Lahore,5624000,Medium,Punjab
Iqbal Khattak,0309-7875588,rice,13,Kharif,Mardan,1560000,Medium,KPK
Sohail Malik,0321-7662702,rice,21,Kharif,Faisalabad,2520000,Medium,Punjab
Jamil Abbasi,0300-2621745,cotton,60,Kharif,Hyderabad,9000000,Large,Sindh
Shazia Cheema,0347-7809134,tobacco,2,Rabi,Faisalabad,400000,Small,Punjab
Usman Laghari,0310-4005045,rice,7,Kharif,Vehari,840000,Small,Punjab
Asif Sheikh,0305-9693792,wheat,45,Rabi,Okara,4275000,Medium,Punjab
Iqra Lodhi,0341-2175946,cotton,68,Kharif,Larkana,10200000,Large,Sindh
Amina Qureshi,0325-9594406,wheat,41,Rabi,Peshawar,3895000,Medium,KPK
Babar Mughal,0345-5339421,sunflower,12,Both,Bahawalpur,1536000,Medium,Punjab
Kamran Jatoi,0318-5623285,rice,11,Kharif,Hyderabad,1320000,Medium,Sindh
Bushra Warraich,0307-7123685,wheat,30,Both,Rahim Yar Khan,4560000,Medium,Punjab
Yasir Tarar,0347-5137098,wheat,44,Rabi,Faisalabad,4180000,Medium,Punjab
Haroon Junejo,0307-2004711,wheat,39,Rabi,Bahawalpur,3705000,Medium,Punjab
Mehwish Junejo,0344-2617964,wheat,28,Rabi,Bahawalpur,2660000,Medium,Punjab
Amina Lashari,0341-5064317,wheat,18,Rabi,Mirpur Khas,1710000,Medium,Sindh
Junaid Qureshi,0308-9318393,sugarcane,19,Kharif,Multan,3420000,Medium,Punjab
Shehzad Gujjar,0308-8421020,rice,28,Both,Pakpattan,5376000,Medium,Punjab
Kamran Junejo,0340-1177589,wheat,37,Both,Gujranwala,5624000,Medium,Punjab
Jamil Wattoo,0334-0076617,sugarcane,33,Both,Faisalabad,9504000,Medium,Punjab
Kamran Rehman,0346-9856984,rice,22,Kharif,Faisalabad,2640000,Medium,Punjab
Nadeem Gill,0332-7365766,sugarcane,25,Kharif,Okara,4500000,Medium,Punjab
Farhan Choudhary,0305-1161528,wheat,40,Rabi,Faisalabad,3800000,Medium,Punjab
Saima Bhatti,0318-9451983,wheat,35,Rabi,Faisalabad,3325000,Medium,Punjab
Bilal Rehman,0343-3689980,cotton,94,Both,Hyderabad,22560000,Large,Sindh
Haroon Warraich,0323-0229612,sugarcane,6,Kharif,Rahim Yar Khan,1080000,Small,Punjab
Junaid Dogar,0324-4599102,wheat,44,Both,Faisalabad,6688000,Medium,Punjab
Kashif Laghari,0331-4381561,wheat,48,Rabi,Rahim Yar Khan,4560000,Medium,Punjab
Adeel Bhatti,0300-3432445,wheat,36,Both,Larkana,5472000,Medium,Sindh
Faisal Gondal,0304-6060715,cotton,83,Both,Vehari,19920000,Large,Punjab
Arsalan Dogar,0346-7516136,cotton,77,Kharif,Okara,11550000,Large,Punjab
Asif Choudhary,0337-1883552,wheat,14,Rabi,Multan,1330000,Medium,Punjab
Imran Sheikh,0347-7799799,wheat,45,Both,Bahawalpur,6840000,Medium,Punjab
Haroon Rehman,0344-0581477,wheat,28,Rabi,Sukkur,2660000,Medium,Sindh
Zainab Tarar,0334-9807935,cotton,74,Both,Lahore,17760000,Large,Punjab
Junaid Jatoi,0337-2037788,cotton,56,Both,Okara,13440000,Large,Punjab
Saeed Bhatti,0347-5151864,wheat,47,Both,Mardan,7144000,Medium,KPK
Zafar Gondal,0320-6291486,cotton,52,Kharif,Khairpur,7800000,Large,Sindh
Nazia Jatoi,0348-6850542,canola,13,Both,Charsadda,1768000,Medium,KPK
Sadia Choudhary,0318-1888059,wheat,29,Rabi,Multan,2755000,Medium,Punjab
Asif Laghari,0302-6537947,wheat,20,Rabi,Bahawalpur,1900000,Medium,Punjab
Akram Laghari,0334-4688623,sugarcane,13,Kharif,Peshawar,2340000,Medium,KPK
Farah Shah,0340-1412478,wheat,32,Rabi,Sahiwal,3040000,Medium,Punjab
Fatima Junejo,0303-6853615,wheat,25,Rabi,Swabi,2375000,Medium,KPK
Babar Yousafzai,0308-7790104,wheat,14,Rabi,Gujranwala,1330000,Medium,Punjab
Babar Qureshi,0320-1036971,wheat,36,Rabi,Lahore,3420000,Medium,Punjab
Zafar Lodhi,0332-0953962,cotton,20,Both,Pakpattan,4800000,Medium,Punjab
Shahid Ahmed,0325-7065405,sugarcane,27,Kharif,Faisalabad,4860000,Medium,Punjab
Junaid Butt,0302-5852772,sugarcane,9,Both,Nawabshah,2592000,Small,Sindh
Fawad Malik,0321-4868740,sugarcane,17,Kharif,Lahore,3060000,Medium,Punjab
Bilal Lashari,0332-6765277,rice,28,Kharif,Faisalabad,3360000,Medium,Punjab
Saeed Sheikh,0341-4511544,rice,25,Kharif,Bahawalpur,3000000,Medium,Punjab
Hamza Talpur,0317-0165820,wheat,43,Both,Nawabshah,6536000,Medium,Sindh
Waseem Lashari,0325-9092755,rice,5,Kharif,Rahim Yar Khan,600000,Small,Punjab
Shehzad Qureshi,0307-0278681,wheat,21,Rabi,Larkana,1995000,Medium,Sindh
Kashif Khokhar,0307-2172715,cotton,100,Both,Rahim Yar Khan,24000000,Large,Punjab
Asif Sheikh,0324-8313237,wheat,40,Rabi,Bahawalpur,3800000,Medium,Punjab
Arshad Jatoi,0304-4678669,wheat,25,Rabi,Nawabshah,2375000,Medium,Sindh
Kamran Sheikh,0308-6801824,wheat,25,Both,Mardan,3800000,Medium,KPK
Bushra Jatoi,0316-3842498,wheat,46,Both,Gujranwala,6992000,Medium,Punjab
Saeed Warraich,0343-0010943,sugarcane,31,Kharif,Sukkur,5580000,Medium,Sindh
Babar Wattoo,0335-3647102,rice,18,Kharif,Pakpattan,2160000,Medium,Punjab
Arsalan Gondal,0330-2588153,rice,11,Both,Multan,2112000,Medium,Punjab
Irfan Junejo,0315-2595327,tobacco,8,Rabi,Okara,1600000,Small,Punjab
Adeel Abbasi,0315-3950047,cotton,93,Both,Hyderabad,22320000,Large,Sindh
Zahid Butt,0316-5650609,cotton,56,Both,Faisalabad,13440000,Large,Punjab
Nadeem Rehman,0346-9121655,cotton,56,Kharif,Larkana,8400000,Large,Sindh
Ali Malik,0302-2578729,maize,6,Kharif,Gujranwala,600000,Small,Punjab
Arshad Wattoo,0344-5888794,rice,3,Kharif,Faisalabad,360000,Small,Punjab
Ahmad Yousafzai,0316-9930972,rice,26,Both,Nawabshah,4992000,Medium,Sindh
Ali Nawaz,0312-0756263,rice,27,Kharif,Nawabshah,3240000,Medium,Sindh
Tariq Butt,0340-3857865,canola,17,Rabi,Swabi,1445000,Medium,KPK
Yasir Yousafzai,0312-3484344,sugarcane,36,Kharif,Pakpattan,6480000,Medium,Punjab
Humaira Rehman,0318-1986652,wheat,23,Both,Peshawar,3496000,Medium,KPK
Yasir Yousafzai,0313-3848421,cotton,85,Kharif,Lahore,12750000,Large,Punjab
Faisal Bhatti,0306-6571208,canola,8,Rabi,Bahawalpur,680000,Small,Punjab
Babar Cheema,0318-0193802,rice,29,Kharif,Lahore,3480000,Medium,Punjab
Kashif Sheikh,0318-0049915,wheat,46,Rabi,Bahawalpur,4370000,Medium,Punjab
Shahid Abbasi,0317-3152742,wheat,26,Rabi,Mirpur Khas,2470000,Medium,Sindh
Arshad Mahar,0332-8516122,rice,10,Both,Vehari,1920000,Medium,Punjab
Junaid Wattoo,0344-9045301,rice,8,Kharif,Rahim Yar Khan,960000,Small,Punjab
Bushra Nawaz,0347-4593327,wheat,43,Rabi,Rahim Yar Khan,4085000,Medium,Punjab
Naveed Qureshi,0345-1878519,wheat,40,Rabi,Mardan,3800000,Medium,KPK
Arsalan Laghari,0307-3971870,rice,19,Both,Gujranwala,3648000,Medium,Punjab
Haroon Ahmed,0330-4039106,wheat,9,Rabi,Lahore,855000,Small,Punjab
Farhan Malik,0318-6226567,maize,14,Both,Rahim Yar Khan,2240000,Medium,Punjab
Amina Sheikh,0341-6823004,rice,26,Kharif,Rahim Yar Khan,3120000,Medium,Punjab
Noman Gondal,0309-4310690,wheat,9,Rabi,Lahore,855000,Small,Punjab
Tariq Qureshi,0302-6738302,rice,12,Both,Gujranwala,2304000,Medium,Punjab
Arsalan Qureshi,0320-2836440,cotton,85,Kharif,Mardan,12750000,Large,KPK
Kashif Bhatti,0323-6856624,rice,27,Kharif,Sahiwal,3240000,Medium,Punjab
Zafar Abbasi,0303-8668826,wheat,18,Rabi,Faisalabad,1710000,Medium,Punjab
Sajid Khokhar,0303-4699013,sugarcane,40,Kharif,Sahiwal,7200000,Medium,Punjab
Muhammad Gill,0312-1739363,cotton,46,Kharif,Rahim Yar Khan,6900000,Medium,Punjab
Waseem Khattak,0334-1753556,wheat,19,Both,Sukkur,2888000,Medium,Sindh
Anum Junejo,0318-2353693,rice,23,Both,Swabi,4416000,Medium,KPK
Kashif Abbasi,0310-5228728,tobacco,1,Rabi,Faisalabad,200000,Small,Punjab
Muhammad Junejo,0308-3120387,rice,22,Kharif,Mirpur Khas,2640000,Medium,Sindh
Ahmad Khan,0341-8600848,canola,3,Rabi,Vehari,255000,Small,Punjab
Amina Shah,0340-2339845,wheat,30,Rabi,Vehari,2850000,Medium,Punjab
Faisal Wattoo,0305-0166687,wheat,5,Rabi,Sukkur,475000,Small,Sindh
Junaid Shah,0340-0339740,sunflower,12,Both,Peshawar,1536000,Medium,KPK
Fatima Gill,0344-2614293,cotton,59,Both,Mirpur Khas,14160000,Large,Sindh
Kamran Jatoi,0337-5016315,cotton,88,Kharif,Charsadda,13200000,Large,KPK
Shehzad Laghari,0336-3586629,cotton,20,Kharif,Hyderabad,3000000,Medium,Sindh
Sajid Rehman,0309-6265511,wheat,24,Both,Okara,3648000,Medium,Punjab
Zahid Laghari,0342-8861015,cotton,86,Kharif,Pakpattan,12900000,Large,Punjab
Sohail Tarar,0305-8398262,wheat,24,Both,Multan,3648000,Medium,Punjab
Sohail Wattoo,0335-1543799,wheat,11,Rabi,Lahore,1045000,Medium,Punjab
Arshad Tarar,0322-7569245,cotton,98,Both,Pakpattan,23520000,Large,Punjab
Arsalan Lodhi,0347-7935646,rice,21,Both,Rahim Yar Khan,4032000,Medium,Punjab
Ahmad Abbasi,0313-7416724,wheat,47,Rabi,Vehari,4465000,Medium,Punjab
Saeed Yousafzai,0344-6886805,sugarcane,39,Both,Faisalabad,11232000,Medium,Punjab
Hamza Dogar,0348-9096561,wheat,21,Rabi,Rahim Yar Khan,1995000,Medium,Punjab
Faisal Laghari,0324-6798250,rice,12,Both,Faisalabad,2304000,Medium,Punjab
Sadia Gondal,0320-5738757,wheat,49,Both,Faisalabad,7448000,Medium,Punjab
Bilal Ahmed,0322-1238282,wheat,32,Rabi,Mardan,3040000,Medium,KPK
Rizwan Talpur,0330-0937966,wheat,18,Rabi,Faisalabad,1710000,Medium,Punjab
Rashid Sheikh,0324-5371478,canola,13,Rabi,Gujranwala,1105000,Medium,Punjab
Hamza Abbasi,0346-2499125,wheat,24,Rabi,Pakpattan,2280000,Medium,Punjab
Sohail Butt,0343-6627828,wheat,23,Rabi,Pakpattan,2185000,Medium,Punjab
Hamza Khan,0336-2368876,cotton,63,Both,Nawabshah,15120000,Large,Sindh
Ahmad Mughal,0318-0438427,cotton,73,Both,Faisalabad,17520000,Large,Punjab
Rashid Lashari,0341-0783613,wheat,7,Rabi,Pakpattan,665000,Small,Punjab
Bilal Qureshi,0313-9596292,sugarcane,18,Kharif,Mirpur Khas,3240000,Medium,Sindh
Rashid Dogar,0321-4494812,canola,16,Rabi,Swabi,1360000,Medium,KPK
Kamran Qureshi,0309-5367294,cotton,58,Both,Faisalabad,13920000,Large,Punjab
Waseem Abbasi,0336-5901751,sugarcane,30,Kharif,Vehari,5400000,Medium,Punjab
Arsalan Lodhi,0322-8929750,wheat,45,Both,Nawabshah,6840000,Medium,Sindh
Maryam Laghari,0334-0632424,wheat,28,Rabi,Pakpattan,2660000,Medium,Punjab
Tariq Mahar,0347-4361103,rice,7,Kharif,Rahim Yar Khan,840000,Small,Punjab
Junaid Nawaz,0332-2713611,wheat,28,Rabi,Mardan,2660000,Medium,KPK
Kamran Gujjar,0304-8909275,sugarcane,14,Kharif,Charsadda,2520000,Medium,KPK
Usman Butt,0307-9656523,wheat,10,Rabi,Gujranwala,950000,Medium,Punjab
Ahmad Wattoo,0313-8983640,sugarcane,20,Both,Faisalabad,5760000,Medium,Punjab
Imran Khan,0324-5269658,cotton,70,Both,Peshawar,16800000,Large,KPK
Yasir Gill,0302-0684866,sugarcane,10,Kharif,Mirpur Khas,1800000,Medium,Sindh
Haroon Jatoi,0337-3285691,wheat,32,Both,Larkana,4864000,Medium,Sindh
Zahid Nawaz,0334-9904210,sugarcane,5,Kharif,Pakpattan,900000,Small,Punjab
Yasir Dogar,0324-2410564,rice,11,Kharif,Mirpur Khas,1320000,Medium,Sindh
Shahid Lashari,0303-7925241,maize,5,Both,Rahim Yar Khan,800000,Small,Punjab
Fatima Qureshi,0302-7562208,sugarcane,31,Kharif,Sahiwal,5580000,Medium,Punjab
Shehzad Choudhary,0343-5180238,tobacco,7,Rabi,Bahawalpur,1400000,Small,Punjab
Haroon Cheema,0305-8705349,sugarcane,20,Kharif,Gujranwala,3600000,Medium,Punjab
Sana Qureshi,0309-0603850,canola,3,Rabi,Nawabshah,255000,Small,Sindh
Usman Gill,0340-3670241,wheat,19,Rabi,Charsadda,1805000,Medium,KPK
Sajid Shah,0337-2619906,cotton,26,Kharif,Okara,3900000,Medium,Punjab
Shazia Cheema,0321-7431329,wheat,11,Both,Bahawalpur,1672000,Medium,Punjab
Hamza Gill,0333-4741124,maize,3,Both,Pakpattan,480000,Small,Punjab
Hamza Mahar,0337-0442067,cotton,80,Both,Bahawalpur,19200000,Large,Punjab
Bilal Khan,0303-3236519,cotton,19,Both,Faisalabad,4560000,Medium,Punjab
Kamran Jatoi,0322-1070296,maize,14,Kharif,Vehari,1400000,Medium,Punjab
Naveed Sheikh,0317-4720999,wheat,23,Rabi,Rahim Yar Khan,2185000,Medium,Punjab
Irfan Butt,0331-3838065,rice,28,Kharif,Gujranwala,3360000,Medium,Punjab
Rizwan Ahmed,0321-9304078,rice,21,Both,Mardan,4032000,Medium,KPK
Shehzad Bhatti,0314-9652239,wheat,49,Both,Gujranwala,7448000,Medium,Punjab
Akram Gujjar,0343-3784270,wheat,19,Rabi,Sukkur,1805000,Medium,Sindh
Arshad Khokhar,0308-5250029,sugarcane,14,Kharif,Mirpur Khas,2520000,Medium,Sindh
Kiran Mahar,0344-1545226,sugarcane,36,Kharif,Larkana,6480000,Medium,Sindh
Arshad Gondal,0314-9264422,sugarcane,30,Both,Peshawar,8640000,Medium,KPK
Arshad Mughal,0347-9172513,wheat,25,Rabi,Faisalabad,2375000,Medium,Punjab
Junaid Laghari,0300-4331541,sugarcane,8,Kharif,Vehari,1440000,Small,Punjab
Sidra Tarar,0323-8617932,rice,28,Both,Hyderabad,5376000,Medium,Sindh
Usman Choudhary,0322-2621815,cotton,88,Both,Peshawar,21120000,Large,KPK
Saeed Talpur,0310-0153368,sugarcane,39,Both,Okara,11232000,Medium,Punjab
Adeel Khattak,0309-0506149,rice,6,Kharif,Multan,720000,Small,Punjab
Sidra Nawaz,0320-6774186,wheat,29,Both,Bahawalpur,4408000,Medium,Punjab
Yasir Mughal,0317-9021158,rice,27,Both,Rahim Yar Khan,5184000,Medium,Punjab
Jamil Junejo,0341-7937416,sunflower,13,Rabi,Gujranwala,1040000,Medium,Punjab
Arshad Gujjar,0307-7223320,rice,24,Kharif,Multan,2880000,Medium,Punjab
Imran Jatoi,0325-8685487,sunflower,2,Rabi,Mirpur Khas,160000,Small,Sindh
Bilal Junejo,0309-2999119,sugarcane,23,Kharif,Swabi,4140000,Medium,KPK
Kashif Yousafzai,0302-2462996,wheat,26,Rabi,Sukkur,2470000,Medium,Sindh
Kiran Ahmed,0322-4447132,wheat,33,Both,Hyderabad,5016000,Medium,Sindh
Sajid Khokhar,0333-3678508,sugarcane,9,Kharif,Rahim Yar Khan,1620000,Small,Punjab
Jamil Ahmed,0311-3303070,sunflower,13,Rabi,Pakpattan,1040000,Medium,Punjab
Bilal Ahmed,0315-5797279,cotton,54,Kharif,Okara,8100000,Large,Punjab
Babar Ahmed,0325-0293333,wheat,31,Rabi,Lahore,2945000,Medium,Punjab
Rizwan Khan,0314-4944665,rice,9,Kharif,Rahim Yar Khan,1080000,Small,Punjab
Usman Khan,0337-5899441,rice,13,Kharif,Swabi,1560000,Medium,KPK
Haroon Khokhar,0309-8309652,sugarcane,36,Kharif,Swabi,6480000,Medium,KPK
Ali Khokhar,0322-3875842,maize,19,Kharif,Faisalabad,1900000,Medium,Punjab
Nadeem Sheikh,0322-1353465,rice,21,Kharif,Faisalabad,2520000,Medium,Punjab
Anum Choudhary,0335-3816846,wheat,14,Both,Sahiwal,2128000,Medium,Punjab
Iqra Gujjar,0321-2175250,wheat,22,Rabi,Multan,2090000,Medium,Punjab
Sajid Butt,0346-6666760,wheat,17,Rabi,Sukkur,1615000,Medium,Sindh
Jamil Khokhar,0301-0335421,rice,21,Kharif,Faisalabad,2520000,Medium,Punjab
Babar Abbasi,0340-9856257,rice,9,Both,Vehari,1728000,Small,Punjab
Kamran Gill,0301-9821506,maize,10,Both,Mirpur Khas,1600000,Medium,Sindh
Nazia Shah,0348-0016761,rice,18,Kharif,Larkana,2160000,Medium,Sindh
Haroon Junejo,0349-1849926,maize,5,Both,Gujranwala,800000,Small,Punjab
Usman Khattak,0312-9348356,wheat,7,Rabi,Sahiwal,665000,Small,Punjab
Majid Khan,0300-1197218,wheat,11,Rabi,Mardan,1045000,Medium,KPK
Noreen Abbasi,0303-1204556,sugarcane,11,Both,Peshawar,3168000,Medium,KPK
Asif Warraich,0323-7941552,wheat,30,Rabi,Swabi,2850000,Medium,KPK
Farhan Junejo,0348-2120216,sunflower,9,Rabi,Khairpur,720000,Small,Sindh
Hamza Ahmed,0308-7716701,wheat,25,Rabi,Rahim Yar Khan,2375000,Medium,Punjab
Akram Mughal,0349-5889163,rice,24,Both,Nawabshah,4608000,Medium,Sindh
Arshad Bhatti,0300-2877217,wheat,26,Rabi,Peshawar,2470000,Medium,KPK
Irfan Mahar,0315-1779717,rice,6,Both,Peshawar,1152000,Small,KPK
Nadeem Khan,0305-9948837,canola,14,Rabi,Larkana,1190000,Medium,Sindh
Arshad Yousafzai,0349-5711305,rice,23,Kharif,Swabi,2760000,Medium,KPK
Usman Malik,0310-7261493,wheat,30,Rabi,Sahiwal,2850000,Medium,Punjab
Sohail Malik,0347-9177982,canola,3,Rabi,Lahore,255000,Small,Punjab
Iqbal Yousafzai,0337-2922169,cotton,51,Both,Vehari,12240000,Large,Punjab
Majid Rehman,0330-5472269,sugarcane,37,Kharif,Rahim Yar Khan,6660000,Medium,Punjab
Nadeem Gill,0312-3945228,rice,23,Kharif,Faisalabad,2760000,Medium,Punjab
Iqbal Junejo,0341-4608106,wheat,47,Rabi,Okara,4465000,Medium,Punjab
Babar Bajwa,0309-0438057,wheat,48,Rabi,Larkana,4560000,Medium,Sindh
Majid Lodhi,0349-0666580,wheat,21,Rabi,Bahawalpur,1995000,Medium,Punjab
Mehwish Lashari,0344-8933472,tobacco,2,Rabi,Multan,400000,Small,Punjab
Ali Talpur,0317-8422940,wheat,50,Both,Peshawar,7600000,Medium,KPK
Tariq Wattoo,0336-9851583,canola,19,Both,Rahim Yar Khan,2584000,Medium,Punjab
Adeel Jatoi,0323-3355543,canola,19,Rabi,Rahim Yar Khan,1615000,Medium,Punjab
Fatima Nawaz,0349-5739930,cotton,51,Both,Faisalabad,12240000,Large,Punjab
Babar Ahmed,0340-5887704,maize,8,Kharif,Faisalabad,800000,Small,Punjab
Rashid Khan,0347-1336138,maize,15,Kharif,Sukkur,1500000,Medium,Sindh
Noman Warraich,0302-1102481,cotton,39,Kharif,Charsadda,5850000,Medium,KPK
Zahid Cheema,0301-6180919,wheat,9,Both,Rahim Yar Khan,1368000,Small,Punjab
Haroon Jatoi,0318-7660728,wheat,30,Both,Mirpur Khas,4560000,Medium,Sindh
Haroon Lashari,0300-8821009,cotton,78,Both,Faisalabad,18720000,Large,Punjab
Hamza Gill,0331-8222394,wheat,16,Rabi,Mirpur Khas,1520000,Medium,Sindh
Farah Abbasi,0348-8141413,sugarcane,36,Both,Swabi,10368000,Medium,KPK
Usman Lodhi,0346-1357759,cotton,98,Both,Gujranwala,23520000,Large,Punjab
Zahid Dogar,0300-5336452,cotton,52,Both,Charsadda,12480000,Large,KPK
Kashif Shah,0311-9142834,sugarcane,9,Kharif,Sukkur,1620000,Small,Sindh
Iqbal Mahar,0344-3084887,cotton,29,Kharif,Sahiwal,4350000,Medium,Punjab
Babar Butt,0334-8816580,cotton,88,Both,Mirpur Khas,21120000,Large,Sindh
Akram Gujjar,0335-5037314,rice,4,Kharif,Mirpur Khas,480000,Small,Sindh
Farhan Abbasi,0302-0518449,rice,8,Kharif,Vehari,960000,Small,Punjab
Imran Bajwa,0325-3865577,maize,2,Kharif,Multan,200000,Small,Punjab
Shahid Rehman,0313-2225913,rice,13,Kharif,Nawabshah,1560000,Medium,Sindh
Iqbal Dogar,0348-6030299,wheat,45,Both,Gujranwala,6840000,Medium,Punjab
Rizwan Mahar,0345-9041379,tobacco,8,Rabi,Vehari,1600000,Small,Punjab
Rizwan Bajwa,0310-5799136,rice,6,Kharif,Rahim Yar Khan,720000,Small,Punjab
Sohail Gujjar,0345-1279908,rice,6,Kharif,Multan,720000,Small,Punjab
Muhammad Talpur,0340-6508637,sugarcane,29,Both,Gujranwala,8352000,Medium,Punjab
Farhan Mughal,0305-4986430,sugarcane,5,Kharif,Faisalabad,900000,Small,Punjab
Naveed Cheema,0331-5126944,maize,15,Both,Gujranwala,2400000,Medium,Punjab
Naveed Junejo,0342-8725887,wheat,24,Rabi,Vehari,2280000,Medium,Punjab
Nazia Nawaz,0314-7213865,sugarcane,8,Kharif,Lahore,1440000,Small,Punjab
Farhan Talpur,0305-1435190,sugarcane,30,Both,Mirpur Khas,8640000,Medium,Sindh
Aisha Sheikh,0347-7703843,wheat,43,Rabi,Sahiwal,4085000,Medium,Punjab
Waseem Qureshi,0348-0214656,rice,9,Kharif,Faisalabad,1080000,Small,Punjab
Nadeem Gondal,0323-4393769,wheat,16,Rabi,Faisalabad,1520000,Medium,Punjab
Junaid Nawaz,0337-4894769,rice,10,Kharif,Nawabshah,1200000,Medium,Sindh
Fatima Yousafzai,0307-4163356,canola,19,Both,Okara,2584000,Medium,Punjab
Junaid Choudhary,0342-2755394,wheat,48,Rabi,Mardan,4560000,Medium,KPK
Majid Bajwa,0313-3339521,wheat,10,Rabi,Khairpur,950000,Medium,Sindh
Rashid Malik,0335-5957947,wheat,37,Rabi,Sahiwal,3515000,Medium,Punjab
Jamil Talpur,0335-8085627,canola,19,Both,Lahore,2584000,Medium,Punjab
Iqbal Shah,0321-5942843,wheat,44,Rabi,Multan,4180000,Medium,Punjab
Waseem Lashari,0330-4729293,sugarcane,22,Kharif,Mirpur Khas,3960000,Medium,Sindh
Zafar Gujjar,0335-0267288,sugarcane,36,Kharif,Rahim Yar Khan,6480000,Medium,Punjab
Usman Dogar,0303-3471754,rice,20,Both,Okara,3840000,Medium,Punjab
Hamza Khokhar,0343-9824558,rice,26,Kharif,Faisalabad,3120000,Medium,Punjab
Zafar Dogar,0347-5699611,wheat,19,Rabi,Okara,1805000,Medium,Punjab
Adeel Rehman,0333-5987622,maize,6,Kharif,Khairpur,600000,Small,Sindh
Sajid Gill,0310-6111780,wheat,30,Both,Faisalabad,4560000,Medium,Punjab
Sajid Tarar,0320-3347228,maize,2,Kharif,Pakpattan,200000,Small,Punjab
Farhan Abbasi,0341-4872829,cotton,90,Both,Mirpur Khas,21600000,Large,Sindh
Rashid Wattoo,0323-7831745,rice,7,Kharif,Lahore,840000,Small,Punjab
Kamran Gondal,0318-7807740,sugarcane,23,Kharif,Lahore,4140000,Medium,Punjab
Nadeem Talpur,0330-3266341,rice,10,Kharif,Gujranwala,1200000,Medium,Punjab
Babar Rehman,0331-3122417,cotton,44,Both,Nawabshah,10560000,Medium,Sindh
Tariq Ahmed,0311-1442703,wheat,5,Rabi,Pakpattan,475000,Small,Punjab
Kashif Lashari,0334-0512046,wheat,35,Rabi,Okara,3325000,Medium,Punjab
Bilal Qureshi,0325-7303718,cotton,36,Kharif,Okara,5400000,Medium,Punjab
Ali Nawaz,0316-7435031,wheat,32,Rabi,Multan,3040000,Medium,Punjab
Adeel Qureshi,0300-0979251,wheat,36,Both,Gujranwala,5472000,Medium,Punjab
Ayesha Bhatti,0303-5281273,wheat,40,Rabi,Hyderabad,3800000,Medium,Sindh
Fawad Ahmed,0325-5240778,wheat,49,Both,Gujranwala,7448000,Medium,Punjab
Noman Rehman,0345-8218274,sugarcane,39,Kharif,Lahore,7020000,Medium,Punjab
Rizwan Ahmed,0346-5935186,wheat,48,Both,Rahim Yar Khan,7296000,Medium,Punjab
Sohail Cheema,0307-1810220,wheat,36,Rabi,Lahore,3420000,Medium,Punjab
Kashif Bajwa,0303-5391037,sunflower,15,Rabi,Lahore,1200000,Medium,Punjab
Sohail Lashari,0303-9480141,canola,19,Rabi,Sahiwal,1615000,Medium,Punjab
Jamil Qureshi,0343-2886195,cotton,99,Both,Sukkur,23760000,Large,Sindh
Adeel Warraich,0349-2897558,tobacco,6,Rabi,Nawabshah,1200000,Small,Sindh
Arsalan Qureshi,0343-8368457,rice,15,Kharif,Lahore,1800000,Medium,Punjab
Jamil Butt,0320-0433504,sunflower,10,Both,Gujranwala,1280000,Medium,Punjab
Hamza Gujjar,0308-4593344,wheat,30,Rabi,Sahiwal,2850000,Medium,Punjab
Farhan Sheikh,0336-9194096,wheat,8,Rabi,Swabi,760000,Small,KPK
Sohail Nawaz,0314-9060480,wheat,41,Rabi,Rahim Yar Khan,3895000,Medium,Punjab
Adeel Laghari,0345-9813646,wheat,26,Rabi,Gujranwala,2470000,Medium,Punjab
Yasir Jatoi,0330-8622783,rice,23,Kharif,Rahim Yar Khan,2760000,Medium,Punjab
Majid Qureshi,0304-4659116,rice,14,Kharif,Pakpattan,1680000,Medium,Punjab
Haroon Dogar,0323-9792703,wheat,28,Both,Faisalabad,4256000,Medium,Punjab
Arshad Gujjar,0318-0514770,wheat,39,Rabi,Rahim Yar Khan,3705000,Medium,Punjab
Farhan Gujjar,0349-0698042,wheat,17,Both,Mirpur Khas,2584000,Medium,Sindh
Muhammad Choudhary,0325-4510463,canola,19,Rabi,Peshawar,1615000,Medium,KPK
Saeed Jatoi,0311-3878003,sunflower,6,Rabi,Vehari,480000,Small,Punjab
Hamza Gondal,0347-4384046,maize,2,Kharif,Swabi,200000,Small,KPK
Adeel Butt,0305-6893639,wheat,24,Rabi,Swabi,2280000,Medium,KPK
Kamran Khokhar,0308-4826292,wheat,40,Both,Faisalabad,6080000,Medium,Punjab
Zafar Ahmed,0321-6647423,wheat,16,Rabi,Gujranwala,1520000,Medium,Punjab
Arshad Mughal,0345-3305172,rice,22,Both,Pakpattan,4224000,Medium,Punjab
Farhan Butt,0310-3306046,wheat,47,Both,Mardan,7144000,Medium,KPK
Iqra Khattak,0321-7366096,sugarcane,30,Kharif,Khairpur,5400000,Medium,Sindh
Ali Shah,0333-7038860,cotton,76,Both,Sukkur,18240000,Large,Sindh
Haroon Lodhi,0334-2649082,rice,23,Both,Rahim Yar Khan,4416000,Medium,Punjab
Rashid Butt,0330-6570279,maize,8,Kharif,Peshawar,800000,Small,KPK
Asif Nawaz,0305-1751868,cotton,30,Both,Vehari,7200000,Medium,Punjab
Junaid Gujjar,0310-2206447,wheat,16,Rabi,Multan,1520000,Medium,Punjab
Yasir Khan,0334-7780973,wheat,47,Rabi,Vehari,4465000,Medium,Punjab
Muhammad Qureshi,0342-4983022,wheat,27,Rabi,Lahore,2565000,Medium,Punjab
Haroon Warraich,0305-0162249,cotton,99,Both,Rahim Yar Khan,23760000,Large,Punjab
Iqbal Lashari,0302-1455616,maize,4,Both,Multan,640000,Small,Punjab
Nida Junejo,0340-3390198,tobacco,8,Rabi,Mirpur Khas,1600000,Small,Sindh
Bushra Talpur,0345-5489952,cotton,73,Both,Bahawalpur,17520000,Large,Punjab
Arshad Mughal,0318-3010713,sugarcane,31,Both,Pakpattan,8928000,Medium,Punjab
Naveed Khan,0347-3441448,rice,27,Both,Pakpattan,5184000,Medium,Punjab
Arshad Ahmed,0311-3557702,rice,23,Kharif,Rahim Yar Khan,2760000,Medium,Punjab
Sohail Bhatti,0340-4958803,cotton,52,Both,Hyderabad,12480000,Large,Sindh
Ahmad Warraich,0325-8299629,wheat,24,Rabi,Hyderabad,2280000,Medium,Sindh
Sajid Khattak,0315-5743842,wheat,7,Rabi,Sukkur,665000,Small,Sindh
Farhan Gujjar,0312-5784521,maize,18,Both,Larkana,2880000,Medium,Sindh
Irfan Nawaz,0300-4091570,wheat,47,Rabi,Sukkur,4465000,Medium,Sindh
Naveed Cheema,0312-3448571,wheat,15,Rabi,Lahore,1425000,Medium,Punjab
Usman Gill,0341-5854249,wheat,9,Rabi,Pakpattan,855000,Small,Punjab
Ahmad Yousafzai,0303-1601662,sugarcane,33,Both,Hyderabad,9504000,Medium,Sindh
Rashid Jatoi,0334-9217174,cotton,100,Both,Nawabshah,24000000,Large,Sindh
Arshad Bajwa,0324-6255770,wheat,12,Rabi,Bahawalpur,1140000,Medium,Punjab
Hamza Butt,0337-1615814,rice,15,Kharif,Sahiwal,1800000,Medium,Punjab
Farhan Tarar,0304-5396695,rice,10,Kharif,Faisalabad,1200000,Medium,Punjab
Kashif Nawaz,0344-9758172,wheat,30,Rabi,Faisalabad,2850000,Medium,Punjab
Irfan Cheema,0336-0132902,cotton,67,Kharif,Vehari,10050000,Large,Punjab
Naveed Cheema,0320-9465190,cotton,75,Kharif,Multan,11250000,Large,Punjab
Nadeem Bhatti,0300-8514036,sugarcane,30,Kharif,Khairpur,5400000,Medium,Sindh
Rashid Gill,0349-2723865,maize,6,Both,Multan,960000,Small,Punjab
Ahmad Gujjar,0336-6212679,sunflower,11,Rabi,Rahim Yar Khan,880000,Medium,Punjab
Irfan Gondal,0314-2690973,sugarcane,22,Kharif,Rahim Yar Khan,3960000,Medium,Punjab
Ali Yousafzai,0324-1971284,rice,5,Both,Gujranwala,960000,Small,Punjab
Imran Wattoo,0346-0580778,sunflower,11,Rabi,Nawabshah,880000,Medium,Sindh
Bushra Lodhi,0310-0949407,cotton,83,Kharif,Okara,12450000,Large,Punjab
Babar Khattak,0305-2814429,wheat,21,Rabi,Faisalabad,1995000,Medium,Punjab
Humaira Gujjar,0349-7524372,sugarcane,7,Kharif,Faisalabad,1260000,Small,Punjab
Zafar Khattak,0331-6372395,wheat,21,Both,Sukkur,3192000,Medium,Sindh
Farhan Wattoo,0335-8366742,rice,16,Kharif,Bahawalpur,1920000,Medium,Punjab
Jamil Malik,0306-8569454,wheat,11,Rabi,Gujranwala,1045000,Medium,Punjab
Majid Khokhar,0340-5258001,wheat,11,Rabi,Bahawalpur,1045000,Medium,Punjab
Yasir Khokhar,0302-0910939,cotton,100,Kharif,Peshawar,15000000,Large,KPK
Akram Sheikh,0307-2447174,sugarcane,25,Both,Faisalabad,7200000,Medium,Punjab
Irfan Warraich,0303-4427173,cotton,32,Both,Sukkur,7680000,Medium,Sindh
Naveed Shah,0333-4101194,sugarcane,6,Kharif,Mardan,1080000,Small,KPK
Ali Tarar,0317-2569087,rice,15,Kharif,Sukkur,1800000,Medium,Sindh
Farhan Nawaz,0343-8554601,rice,30,Kharif,Peshawar,3600000,Medium,KPK
Babar Khokhar,0311-8063461,cotton,55,Kharif,Bahawalpur,8250000,Large,Punjab
Fawad Ahmed,0344-3761847,rice,29,Both,Sukkur,5568000,Medium,Sindh
Ali Mahar,0307-3878293,sunflower,2,Rabi,Nawabshah,160000,Small,Sindh
Arshad Malik,0315-2020417,cotton,85,Both,Faisalabad,20400000,Large,Punjab
Arshad Mughal,0304-3656519,rice,13,Kharif,Larkana,1560000,Medium,Sindh
Junaid Choudhary,0307-4262582,rice,21,Kharif,Faisalabad,2520000,Medium,Punjab
Irfan Dogar,0301-7100219,maize,15,Kharif,Nawabshah,1500000,Medium,Sindh
Shehzad Laghari,0331-3290927,cotton,21,Both,Hyderabad,5040000,Medium,Sindh
Majid Khokhar,0307-8195883,rice,23,Both,Hyderabad,4416000,Medium,Sindh
Zafar Yousafzai,0336-2200543,rice,13,Both,Nawabshah,2496000,Medium,Sindh
Rashid Sheikh,0310-0781137,cotton,51,Both,Pakpattan,12240000,Large,Punjab
Faisal Shah,0315-6363179,rice,16,Kharif,Gujranwala,1920000,Medium,Punjab
Kamran Abbasi,0312-5435209,wheat,13,Rabi,Bahawalpur,1235000,Medium,Punjab
Junaid Mughal,0318-9292983,wheat,38,Rabi,Sahiwal,3610000,Medium,Punjab
Shehzad Khan,0332-3356939,canola,3,Both,Lahore,408000,Small,Punjab
Shahid Malik,0332-8671773,wheat,5,Rabi,Nawabshah,475000,Small,Sindh
Babar Qureshi,0348-1074279,sugarcane,6,Kharif,Charsadda,1080000,Small,KPK
Shazia Sheikh,0324-7016580,wheat,22,Rabi,Mirpur Khas,2090000,Medium,Sindh
Sajid Warraich,0303-8501657,cotton,56,Kharif,Rahim Yar Khan,8400000,Large,Punjab
Naveed Butt,0322-3817933,wheat,22,Both,Vehari,3344000,Medium,Punjab
Hamza Laghari,0336-8817884,rice,14,Kharif,Khairpur,1680000,Medium,Sindh
Zainab Khokhar,0334-1162411,wheat,12,Both,Nawabshah,1824000,Medium,Sindh
Ahmad Lodhi,0331-8275670,wheat,9,Rabi,Sahiwal,855000,Small,Punjab
Junaid Junejo,0344-5579887,rice,21,Both,Okara,4032000,Medium,Punjab
Farhan Lashari,0318-0254729,sunflower,13,Rabi,Multan,1040000,Medium,Punjab
Zafar Dogar,0315-1059274,rice,9,Kharif,Lahore,1080000,Small,Punjab
Sadia Lashari,0333-8284106,sunflower,14,Rabi,Bahawalpur,1120000,Medium,Punjab
Rashid Warraich,0348-4749297,wheat,12,Both,Sukkur,1824000,Medium,Sindh
Haroon Ahmed,0330-9375150,cotton,34,Kharif,Sahiwal,5100000,Medium,Punjab
Fawad Ahmed,0305-8718637,wheat,43,Rabi,Lahore,4085000,Medium,Punjab
Zafar Talpur,0324-6504554,canola,20,Rabi,Bahawalpur,1700000,Medium,Punjab
Amjad Lodhi,0310-6629912,wheat,35,Both,Swabi,5320000,Medium,KPK
Shazia Jatoi,0300-6462879,sugarcane,13,Both,Vehari,3744000,Medium,Punjab
Haroon Wattoo,0336-8730024,wheat,45,Both,Nawabshah,6840000,Medium,Sindh
Babar Junejo,0311-7301471,cotton,56,Both,Gujranwala,13440000,Large,Punjab
Farhan Nawaz,0324-8904290,wheat,34,Rabi,Mardan,3230000,Medium,KPK
Waseem Junejo,0347-5044818,wheat,45,Rabi,Faisalabad,4275000,Medium,Punjab
Arsalan Cheema,0320-4518952,wheat,38,Rabi,Bahawalpur,3610000,Medium,Punjab
Maryam Shah,0313-2833898,maize,19,Kharif,Sukkur,1900000,Medium,Sindh
Amina Butt,0301-7545279,rice,13,Both,Okara,2496000,Medium,Punjab
Faisal Butt,0309-3423216,cotton,24,Kharif,Bahawalpur,3600000,Medium,Punjab
Usman Malik,0349-8907140,wheat,47,Rabi,Faisalabad,4465000,Medium,Punjab
Sana Khokhar,0311-5012495,rice,30,Both,Gujranwala,5760000,Medium,Punjab
Usman Khan,0340-3342801,sunflower,10,Rabi,Charsadda,800000,Medium,KPK
Amjad Shah,0311-5663836,wheat,25,Rabi,Faisalabad,2375000,Medium,Punjab
Waseem Lodhi,0342-0157164,rice,26,Both,Bahawalpur,4992000,Medium,Punjab
Zahid Khokhar,0304-7520716,rice,24,Both,Sukkur,4608000,Medium,Sindh
Iqbal Shah,0310-1535396,wheat,32,Rabi,Hyderabad,3040000,Medium,Sindh
Iqbal Rehman,0348-6579678,wheat,34,Rabi,Okara,3230000,Medium,Punjab
Kamran Ahmed,0306-0170269,cotton,29,Both,Gujranwala,6960000,Medium,Punjab
Jamil Khattak,0334-3477848,wheat,39,Rabi,Lahore,3705000,Medium,Punjab
Amina Tarar,0333-5677002,cotton,48,Kharif,Mardan,7200000,Medium,KPK
Irfan Khattak,0307-9788977,cotton,30,Both,Vehari,7200000,Medium,Punjab
Irfan Gondal,0318-5009025,wheat,42,Rabi,Pakpattan,3990000,Medium,Punjab
Hamza Junejo,0323-0333491,sunflower,3,Rabi,Peshawar,240000,Small,KPK
Arsalan Malik,0334-6986407,cotton,50,Both,Vehari,12000000,Medium,Punjab
Kashif Shah,0313-5785294,rice,16,Kharif,Faisalabad,1920000,Medium,Punjab
Babar Bajwa,0303-4963919,wheat,26,Rabi,Gujranwala,2470000,Medium,Punjab
Naveed Gondal,0304-4846853,rice,11,Kharif,Nawabshah,1320000,Medium,Sindh
Ahmad Sheikh,0343-7374896,sunflower,13,Both,Mirpur Khas,1664000,Medium,Sindh
Majid Gujjar,0320-6651364,maize,7,Kharif,Gujranwala,700000,Small,Punjab
Zafar Khokhar,0301-3477866,cotton,14,Both,Okara,3360000,Medium,Punjab
Shehzad Sheikh,0348-0700159,wheat,9,Rabi,Charsadda,855000,Small,KPK
Sajid Mahar,0308-3198189,canola,19,Both,Faisalabad,2584000,Medium,Punjab
Arsalan Warraich,0344-6363212,wheat,22,Rabi,Okara,2090000,Medium,Punjab
Rashid Lashari,0307-5867342,rice,25,Both,Okara,4800000,Medium,Punjab
Sobia Malik,0349-0348645,sunflower,12,Rabi,Sahiwal,960000,Medium,Punjab
Adeel Bajwa,0320-1343275,maize,15,Kharif,Hyderabad,1500000,Medium,Sindh
Kashif Yousafzai,0331-5612481,rice,22,Kharif,Mirpur Khas,2640000,Medium,Sindh
Ahmad Bhatti,0348-2720634,wheat,10,Rabi,Sahiwal,950000,Medium,Punjab
Ayesha Butt,0345-6577242,cotton,51,Both,Larkana,12240000,Large,Sindh
Adeel Tarar,0343-3008931,canola,9,Both,Multan,1224000,Small,Punjab
Saeed Bajwa,0309-1529108,rice,17,Both,Nawabshah,3264000,Medium,Sindh
Fawad Rehman,0318-7626393,tobacco,5,Rabi,Larkana,1000000,Small,Sindh
Zafar Ahmed,0318-4397359,cotton,68,Both,Bahawalpur,16320000,Large,Punjab
Adeel Gill,0325-6941180,wheat,20,Rabi,Pakpattan,1900000,Medium,Punjab
Sobia Malik,0300-4896465,wheat,40,Both,Multan,6080000,Medium,Punjab
Junaid Abbasi,0308-1586241,wheat,13,Rabi,Okara,1235000,Medium,Punjab
Bushra Bajwa,0346-4856257,sugarcane,14,Both,Bahawalpur,4032000,Medium,Punjab
Faisal Sheikh,0302-7427617,wheat,27,Rabi,Charsadda,2565000,Medium,KPK
Zafar Nawaz,0323-1342284,cotton,94,Kharif,Gujranwala,14100000,Large,Punjab
Akram Sheikh,0331-1371504,cotton,97,Both,Pakpattan,23280000,Large,Punjab
Nida Gujjar,0301-1777490,wheat,7,Rabi,Nawabshah,665000,Small,Sindh
Akram Butt,0313-0450189,rice,15,Kharif,Sahiwal,1800000,Medium,Punjab
Zainab Ahmed,0313-2664214,rice,16,Kharif,Hyderabad,1920000,Medium,Sindh
Hamza Shah,0324-8377674,cotton,64,Kharif,Vehari,9600000,Large,Punjab
Zahid Talpur,0305-0857327,rice,23,Kharif,Okara,2760000,Medium,Punjab
Farhan Wattoo,0309-2438649,wheat,9,Rabi,Peshawar,855000,Small,KPK
Noman Bajwa,0323-4918017,wheat,16,Both,Sukkur,2432000,Medium,Sindh
Bushra Cheema,0344-7794523,wheat,43,Rabi,Faisalabad,4085000,Medium,Punjab
Adeel Nawaz,0300-2776974,cotton,88,Kharif,Vehari,13200000,Large,Punjab
Kamran Khan,0312-1030372,cotton,65,Both,Mirpur Khas,15600000,Large,Sindh
Noman Gujjar,0335-6012277,rice,30,Both,Sahiwal,5760000,Medium,Punjab
Adeel Bhatti,0322-0166799,sugarcane,23,Kharif,Vehari,4140000,Medium,Punjab
Arshad Khattak,0314-0806958,wheat,46,Both,Bahawalpur,6992000,Medium,Punjab
